{
    "rmse": 1.1984677114720137,
    "mae": 0.5436231355751473,
    "r2": 0.9825771296746123
}